ID,Case Number,Date,Block,IUCR,Primary Type,Description,Location Description,Arrest,Domestic,Beat,District,Ward,Community Area,FBI Code,X Coordinate,Y Coordinate,Year,Updated On,Latitude,Longitude,Location
11665567,JC234307,2019-04-10 16:37:00,102XX S VERNON AVE,1562,SEX OFFENSE,AGGRAVATED CRIMINAL SEXUAL ABUSE,SCHOOL - PUBLIC BUILDING,False,False,511,5.0,9.0,49.0,17,1181051.0,1837225.0,2019,04/17/2020 03:50:24 PM,41.708589,-87.612583094,"(41.708589, -87.612583094)"
11667963,JC235212,2019-04-12 16:08:00,032XX N KEELER AVE,1754,OFFENSE INVOLVING CHILDREN,AGG SEX ASSLT OF CHILD FAM MBR,RESIDENCE,False,True,1731,17.0,30.0,16.0,02,1147835.0,1921408.0,2019,10/02/2019 04:13:24 PM,41.940297617,-87.73206647299999,"(41.940297617, -87.732066473)"
11667968,JC237058,2019-04-19 13:57:00,002XX N LARAMIE AVE,1752,OFFENSE INVOLVING CHILDREN,AGGRAVATED CRIMINAL SEXUAL ABUSE BY FAMILY MEMBER,RESIDENCE,False,True,1532,15.0,28.0,25.0,17,1141669.0,1901165.0,2019,03/18/2020 03:52:17 PM,41.884865037,-87.755230327,"(41.884865037, -87.755230327)"
11668309,JC238187,2019-04-25 17:20:00,108XX S DR MARTIN LUTHER KING JR DR,0486,BATTERY,DOMESTIC BATTERY SIMPLE,RESIDENCE,False,True,513,5.0,9.0,49.0,08B,1180832.0,1833222.0,2019,06/30/2019 03:56:27 PM,41.697609261,-87.613507612,"(41.697609261, -87.613507612)"
11692179,JC261724,2019-05-13 17:26:00,090XX S RACINE AVE,0560,ASSAULT,SIMPLE,STREET,False,False,2222,22.0,21.0,73.0,08A,1169908.0,1844927.0,2019,06/30/2019 03:56:27 PM,41.729973132,-87.653166753,"(41.729973132, -87.653166753)"
11690557,JC266361,2019-05-15 22:30:00,026XX W IOWA ST,0890,THEFT,FROM BUILDING,APARTMENT,False,False,1211,12.0,26.0,24.0,06,1158543.0,1905889.0,2019,06/30/2019 03:56:27 PM,41.897499466,-87.69313664399999,"(41.897499466, -87.693136644)"
11694459,JC272091,2019-04-27 11:00:00,114XX S RACINE AVE,0820,THEFT,$500 AND UNDER,OTHER,False,False,2234,22.0,34.0,75.0,06,1170375.0,1828976.0,2019,06/30/2019 03:56:27 PM,41.686190998,-87.651918386,"(41.686190998, -87.651918386)"
11694464,JC271999,2019-05-14 10:00:00,021XX S ST LOUIS AVE,0890,THEFT,FROM BUILDING,"SCHOOL, PUBLIC, BUILDING",False,False,1024,10.0,24.0,29.0,06,1153429.0,1889475.0,2019,06/30/2019 03:56:27 PM,41.85256088,-87.71235599200001,"(41.85256088, -87.712355992)"
11676085,JC249714,2019-05-04 14:00:00,001XX E PEARSON ST,0820,THEFT,$500 AND UNDER,HOTEL/MOTEL,False,False,1833,18.0,2.0,8.0,06,1177578.0,1906074.0,2019,06/30/2019 03:56:27 PM,41.897596066999995,-87.62321837299999,"(41.897596067, -87.623218373)"
11690176,JC264729,2019-05-03 00:01:00,133XX S CORLISS AVE,1750,OFFENSE INVOLVING CHILDREN,CHILD ABUSE,CHA APARTMENT,False,False,533,5.0,9.0,54.0,08B,1184085.0,1817248.0,2019,06/30/2019 03:56:27 PM,41.65369915,-87.602093356,"(41.65369915, -87.602093356)"
11694262,JC266697,2019-05-17 11:10:00,085XX S KEDZIE AVE,0580,STALKING,SIMPLE,LIBRARY,False,False,834,8.0,18.0,70.0,08A,1156540.0,1847651.0,2019,06/30/2019 03:56:27 PM,41.737727690999996,-87.702064868,"(41.737727691, -87.702064868)"
11692601,JC268480,2019-05-18 09:00:00,078XX W CAHILL TER,1320,CRIMINAL DAMAGE,TO VEHICLE,RESIDENTIAL YARD (FRONT/BACK),False,False,1631,16.0,38.0,17.0,14,1122397.0,1923178.0,2019,06/30/2019 03:56:27 PM,41.945606268,-87.825523014,"(41.945606268, -87.825523014)"
11692296,JC268099,2019-05-18 10:45:00,095XX S AVALON AVE,0486,BATTERY,DOMESTIC BATTERY SIMPLE,RESIDENCE,False,True,511,5.0,8.0,50.0,08B,1186212.0,1841802.0,2019,06/30/2019 03:56:27 PM,41.721028724,-87.59353928899999,"(41.721028724, -87.593539289)"
11691578,JC268670,2019-04-01 00:00:00,076XX S PHILLIPS AVE,1750,OFFENSE INVOLVING CHILDREN,CHILD ABUSE,APARTMENT,False,True,421,4.0,7.0,43.0,08B,1193857.0,1854780.0,2019,06/30/2019 03:56:27 PM,41.75645779,-87.565113432,"(41.75645779, -87.565113432)"
11693682,JC269584,2019-05-19 13:30:00,062XX S LANGLEY AVE,0820,THEFT,$500 AND UNDER,APARTMENT,False,False,313,3.0,20.0,42.0,06,1181968.0,1863773.0,2019,06/30/2019 03:56:27 PM,41.781418541,-87.608405955,"(41.781418541, -87.608405955)"
11692229,JC269352,2019-05-19 03:00:00,009XX E 131ST ST,1563,SEX OFFENSE,CRIMINAL SEXUAL ABUSE,OTHER,False,True,533,5.0,9.0,54.0,17,1184913.0,1818576.0,2019,06/30/2019 03:56:27 PM,41.657324064,-87.599022369,"(41.657324064, -87.599022369)"
11693895,JC269565,2019-05-19 14:16:00,0000X E GARFIELD BLVD,0560,ASSAULT,SIMPLE,RESTAURANT,False,False,225,2.0,20.0,40.0,08A,1177879.0,1868452.0,2019,06/30/2019 03:56:27 PM,41.794351798,-87.623255359,"(41.794351798, -87.623255359)"
11694427,JC271939,2019-05-20 16:00:00,032XX W MAYPOLE AVE,0560,ASSAULT,SIMPLE,RESIDENCE,False,False,1123,11.0,28.0,27.0,08A,1154770.0,1900800.0,2019,06/30/2019 03:56:27 PM,41.88361118,-87.707130873,"(41.88361118, -87.707130873)"
11694435,JC271835,2019-05-20 18:30:00,020XX N CLYBOURN AVE,0870,THEFT,POCKET-PICKING,SIDEWALK,False,False,1811,18.0,2.0,7.0,06,1167797.0,1913311.0,2019,06/30/2019 03:56:27 PM,41.917671378,-87.65893361100001,"(41.917671378, -87.658933611)"
11694430,JC271916,2019-05-20 13:00:00,123XX S STATE ST,0460,BATTERY,SIMPLE,"SCHOOL, PUBLIC, BUILDING",True,False,523,5.0,9.0,53.0,08B,1178480.0,1823243.0,2019,06/30/2019 03:56:27 PM,41.670279025999996,-87.62242080600001,"(41.670279026, -87.622420806)"
11687767,JC263957,2019-05-13 15:00:00,013XX S SPRINGFIELD AVE,1750,OFFENSE INVOLVING CHILDREN,CHILD ABUSE,APARTMENT,False,True,1011,10.0,24.0,29.0,08B,1150595.0,1893451.0,2019,06/30/2019 03:56:27 PM,41.863527271,-87.722653917,"(41.863527271, -87.722653917)"
11695097,JC272561,2019-05-21 08:30:00,004XX E 111TH PL,1310,CRIMINAL DAMAGE,TO PROPERTY,RESIDENCE,False,False,531,5.0,9.0,49.0,14,1181351.0,1831137.0,2019,06/30/2019 03:56:27 PM,41.691875818,-87.61167129200001,"(41.691875818, -87.611671292)"
11694883,JC272696,2019-05-21 18:00:00,039XX W WASHINGTON BLVD,0910,MOTOR VEHICLE THEFT,AUTOMOBILE,GAS STATION,False,False,1122,11.0,28.0,26.0,07,1150075.0,1900126.0,2019,06/30/2019 03:56:27 PM,41.881854366999995,-87.724388981,"(41.881854367, -87.724388981)"
11695103,JC272843,2019-05-21 19:38:00,066XX S PAULINA ST,0560,ASSAULT,SIMPLE,APARTMENT,False,True,725,7.0,15.0,67.0,08A,1166140.0,1860707.0,2019,06/30/2019 03:56:27 PM,41.77335656,-87.66652207,"(41.77335656, -87.66652207)"
11695090,JC272338,2019-05-21 14:30:00,057XX N MC VICKER AVE,4387,OTHER OFFENSE,VIOLATE ORDER OF PROTECTION,RESIDENCE,True,True,1622,16.0,45.0,10.0,26,1134905.0,1937734.0,2019,06/30/2019 03:56:27 PM,41.985336785,-87.77920120700001,"(41.985336785, -87.779201207)"
11695086,JC272749,2019-05-21 18:21:00,007XX W 79TH ST,2012,NARCOTICS,MANU/DELIVER:COCAINE,VEHICLE NON-COMMERCIAL,True,False,621,6.0,17.0,71.0,18,1172519.0,1852484.0,2019,06/30/2019 03:56:27 PM,41.750653534,-87.64337994899999,"(41.750653534, -87.643379949)"
11694441,JC271974,2019-05-21 09:27:00,039XX W MADISON ST,2017,NARCOTICS,MANU/DELIVER:CRACK,SIDEWALK,True,False,1122,11.0,28.0,26.0,18,1150223.0,1899725.0,2019,06/30/2019 03:56:27 PM,41.880751096,-87.723855981,"(41.880751096, -87.723855981)"
11694452,JC271976,2019-05-21 10:00:00,007XX E 47TH ST,0430,BATTERY,AGGRAVATED: OTHER DANG WEAPON,RESTAURANT,False,False,221,2.0,4.0,38.0,04B,1182160.0,1874015.0,2019,06/30/2019 03:56:27 PM,41.809519024000004,-87.607384952,"(41.809519024, -87.607384952)"
11694436,JC272009,2019-05-21 08:30:00,003XX W LAKE ST,0870,THEFT,POCKET-PICKING,CTA TRAIN,False,False,122,1.0,42.0,32.0,06,1174197.0,1901725.0,2019,06/30/2019 03:56:27 PM,41.885738286,-87.63576612,"(41.885738286, -87.63576612)"
11694460,JC272039,2019-05-21 10:00:00,024XX N LONG AVE,0820,THEFT,$500 AND UNDER,STREET,False,False,2515,25.0,30.0,19.0,06,1139975.0,1915700.0,2019,06/30/2019 03:56:27 PM,41.924781923000005,-87.761094988,"(41.924781923, -87.761094988)"
11695100,JC272920,2019-05-21 20:50:00,015XX S HAMLIN AVE,2027,NARCOTICS,POSS: CRACK,VEHICLE NON-COMMERCIAL,True,False,1014,10.0,24.0,29.0,18,1151295.0,1892216.0,2019,06/30/2019 03:56:27 PM,41.860124593,-87.72011662700001,"(41.860124593, -87.720116627)"
11694805,JC272366,2019-05-21 14:50:00,001XX W CERMAK RD,0320,ROBBERY,STRONGARM - NO WEAPON,CTA PLATFORM,False,False,914,9.0,25.0,34.0,03,1175616.0,1889758.0,2019,06/30/2019 03:56:27 PM,41.852868298000004,-87.63091491,"(41.852868298, -87.63091491)"
11695416,JC273199,2019-05-22 07:20:00,081XX S SAWYER AVE,0810,THEFT,OVER $500,STREET,False,False,834,8.0,18.0,70.0,06,1156129.0,1850531.0,2019,06/30/2019 03:56:27 PM,41.745639153,-87.703493452,"(41.745639153, -87.703493452)"
11695251,JC273062,2019-05-22 00:02:00,008XX N LEAMINGTON AVE,2027,NARCOTICS,POSS: CRACK,SIDEWALK,True,False,1531,15.0,37.0,25.0,18,1141867.0,1905202.0,2019,06/30/2019 03:56:27 PM,41.895939389,-87.75440321,"(41.895939389, -87.75440321)"
11695413,JC273192,2019-05-22 00:00:00,074XX N RIDGE BLVD,1320,CRIMINAL DAMAGE,TO VEHICLE,STREET,False,False,2411,24.0,49.0,2.0,14,1160607.0,1949424.0,2019,06/30/2019 03:56:27 PM,42.016919291,-87.68434486299999,"(42.016919291, -87.684344863)"
11695299,JC273101,2019-05-22 01:30:00,0000X W CHICAGO AVE,0320,ROBBERY,STRONGARM - NO WEAPON,SIDEWALK,False,False,1832,18.0,2.0,8.0,03,1176072.0,1905724.0,2019,06/30/2019 03:56:27 PM,41.896669722,-87.62876022799999,"(41.896669722, -87.628760228)"
11695319,JC273097,2019-05-22 00:30:00,040XX W GRAND AVE,3710,INTERFERENCE WITH PUBLIC OFFICER,RESIST/OBSTRUCT/DISARM OFFICER,STREET,True,False,2534,25.0,26.0,23.0,24,1149433.0,1908993.0,2019,06/30/2019 03:56:27 PM,41.906198822,-87.726516137,"(41.906198822, -87.726516137)"
11695355,JC273126,2019-05-22 03:30:00,080XX S CALUMET AVE,0486,BATTERY,DOMESTIC BATTERY SIMPLE,RESIDENCE,True,True,623,6.0,6.0,44.0,08B,1179870.0,1851735.0,2019,06/30/2019 03:56:27 PM,41.748433275,-87.616465446,"(41.748433275, -87.616465446)"
11695368,JC273145,2019-05-22 05:00:00,083XX S MARYLAND AVE,0486,BATTERY,DOMESTIC BATTERY SIMPLE,RESIDENCE,False,True,632,6.0,8.0,44.0,08B,1183343.0,1849872.0,2019,06/30/2019 03:56:27 PM,41.743240897,-87.603797174,"(41.743240897, -87.603797174)"
11695296,JC273089,2019-05-22 01:07:00,086XX S ASHLAND AVE,1330,CRIMINAL TRESPASS,TO LAND,GAS STATION,True,False,614,6.0,21.0,71.0,26,1167181.0,1847361.0,2019,06/30/2019 03:56:27 PM,41.736711088,-87.663087144,"(41.736711088, -87.663087144)"
11695338,JC273107,2019-05-22 01:42:00,002XX E HURON ST,1330,CRIMINAL TRESPASS,TO LAND,HOSPITAL BUILDING/GROUNDS,True,False,1834,18.0,42.0,8.0,26,1178046.0,1905133.0,2019,06/30/2019 03:56:27 PM,41.895003278000004,-87.62152816,"(41.895003278, -87.62152816)"
11696515,JC274591,2019-05-23 00:35:00,059XX W 60TH ST,1320,CRIMINAL DAMAGE,TO VEHICLE,STREET,False,False,812,8.0,13.0,64.0,14,1137622.0,1864156.0,2019,06/30/2019 03:56:27 PM,41.783380448,-87.77098146799999,"(41.783380448, -87.770981468)"
11696492,JC274612,2019-05-23 01:06:00,004XX E 48TH PL,0420,BATTERY,AGGRAVATED:KNIFE/CUTTING INSTR,SIDEWALK,False,False,223,2.0,3.0,38.0,04B,1180074.0,1872961.0,2019,06/30/2019 03:56:27 PM,41.806674857,-87.615068279,"(41.806674857, -87.615068279)"
11696516,JC274641,2019-05-23 01:30:00,052XX S PULASKI RD,0810,THEFT,OVER $500,STREET,False,False,815,8.0,23.0,62.0,06,1150587.0,1869670.0,2019,06/30/2019 03:56:27 PM,41.79826919,-87.723303209,"(41.79826919, -87.723303209)"
11696568,JC274593,2019-05-23 00:24:00,028XX W FLOURNOY ST,0890,THEFT,FROM BUILDING,RESIDENCE,False,False,1135,11.0,28.0,27.0,06,1157582.0,1896907.0,2019,06/30/2019 03:56:27 PM,41.87287164,-87.696910949,"(41.87287164, -87.696910949)"
11697181,JC275324,2019-05-23 14:10:00,016XX S HOMAN AVE,1330,CRIMINAL TRESPASS,TO LAND,RESIDENCE PORCH/HALLWAY,True,False,1021,10.0,24.0,29.0,26,1153972.0,1891506.0,2019,06/30/2019 03:56:27 PM,41.858123385,-87.710308917,"(41.858123385, -87.710308917)"
11697309,JC275609,2019-05-23 16:30:00,005XX N LARAMIE AVE,0486,BATTERY,DOMESTIC BATTERY SIMPLE,APARTMENT,False,True,1532,15.0,37.0,25.0,08B,1141611.0,1902863.0,2019,06/30/2019 03:56:27 PM,41.889525629,-87.75540132100001,"(41.889525629, -87.755401321)"
11697190,JC275302,2019-05-23 14:00:00,036XX S STATE ST,1153,DECEPTIVE PRACTICE,FINANCIAL IDENTITY THEFT OVER $ 300,OTHER,False,False,213,2.0,3.0,35.0,11,1176893.0,1880815.0,2019,06/30/2019 03:56:27 PM,41.828299271,-87.626498087,"(41.828299271, -87.626498087)"
11697195,JC275303,2019-05-23 13:50:00,010XX W 52ND ST,0560,ASSAULT,SIMPLE,"SCHOOL, PUBLIC, BUILDING",False,False,934,9.0,20.0,61.0,08A,1170445.0,1870332.0,2019,06/30/2019 03:56:27 PM,41.799675992,-87.650460721,"(41.799675992, -87.650460721)"
11697182,JC275418,2019-05-23 15:19:00,008XX E 54TH ST,1365,CRIMINAL TRESPASS,TO RESIDENCE,RESIDENCE,True,True,233,2.0,5.0,41.0,26,1182684.0,1869387.0,2019,06/30/2019 03:56:27 PM,41.796807255,-87.60560675,"(41.796807255, -87.60560675)"
11697193,JC275421,2019-05-23 15:30:00,019XX W MONTEREY AVE,5111,OTHER OFFENSE,GUN OFFENDER: ANNUAL REGISTRATION,POLICE FACILITY/VEH PARKING LOT,True,False,2212,22.0,19.0,75.0,26,1165742.0,1830843.0,2019,06/30/2019 03:56:27 PM,41.691413679,-87.66882624600001,"(41.691413679, -87.668826246)"
11697189,JC275427,2019-05-23 12:00:00,011XX N HAMLIN AVE,0486,BATTERY,DOMESTIC BATTERY SIMPLE,APARTMENT,False,True,1112,11.0,27.0,23.0,08B,1150838.0,1907356.0,2019,06/30/2019 03:56:27 PM,41.901679344,-87.7213979,"(41.901679344, -87.7213979)"
11697212,JC275445,2019-05-23 16:00:00,055XX S PULASKI RD,051A,ASSAULT,AGGRAVATED: HANDGUN,STREET,False,False,813,8.0,13.0,62.0,04A,1150642.0,1867741.0,2019,06/30/2019 03:56:27 PM,41.792974653,-87.72315172299999,"(41.792974653, -87.723151723)"
11697293,JC275554,2019-05-23 17:05:00,015XX E 53RD ST,0810,THEFT,OVER $500,RESTAURANT,False,False,234,2.0,4.0,41.0,06,1187505.0,1870429.0,2019,06/30/2019 03:56:27 PM,41.799553224,-87.58789475299999,"(41.799553224, -87.587894753)"
11696466,JC274583,2019-05-23 00:20:00,087XX S EXCHANGE AVE,051A,ASSAULT,AGGRAVATED: HANDGUN,RESIDENCE PORCH/HALLWAY,True,False,423,4.0,10.0,46.0,04A,1197281.0,1847652.0,2019,06/30/2019 03:56:27 PM,41.73681344,-87.552802376,"(41.73681344, -87.552802376)"
11696580,JC274679,2019-05-23 00:09:00,079XX S WABASH AVE,2820,OTHER OFFENSE,TELEPHONE THREAT,APARTMENT,False,True,623,6.0,6.0,44.0,08A,1178087.0,1852427.0,2019,06/30/2019 03:56:27 PM,41.750372783,-87.622977996,"(41.750372783, -87.622977996)"
11697176,JC275279,2019-05-23 14:06:00,063XX S ASHLAND AVE,1330,CRIMINAL TRESPASS,TO LAND,RESTAURANT,True,False,725,7.0,16.0,67.0,26,1166755.0,1862773.0,2019,06/30/2019 03:56:27 PM,41.779012821,-87.664208692,"(41.779012821, -87.664208692)"
11697227,JC275463,2019-05-23 15:30:00,011XX N CLARK ST,0870,THEFT,POCKET-PICKING,SIDEWALK,False,False,1824,18.0,2.0,8.0,06,1175324.0,1908199.0,2019,06/30/2019 03:56:27 PM,41.903478069,-87.631433102,"(41.903478069, -87.631433102)"
11698627,JC277121,2019-05-24 17:56:00,037XX W DIVISION ST,3731,INTERFERENCE WITH PUBLIC OFFICER,OBSTRUCTING IDENTIFICATION,VEHICLE NON-COMMERCIAL,True,False,2535,25.0,27.0,23.0,24,1151382.0,1907743.0,2019,06/30/2019 03:56:27 PM,41.902730644,-87.71938953700001,"(41.902730644, -87.719389537)"
11703010,JC282467,2019-05-28 19:22:00,061XX S RACINE AVE,2825,OTHER OFFENSE,HARASSMENT BY TELEPHONE,APARTMENT,False,False,712,7.0,16.0,68.0,26,1169373.0,1864049.0,2019,06/30/2019 03:56:27 PM,41.782458016999996,-87.65457394299999,"(41.782458017, -87.654573943)"
11698038,JC276380,2019-05-24 09:40:00,061XX S ARCHER AVE,1330,CRIMINAL TRESPASS,TO LAND,GROCERY FOOD STORE,True,False,811,8.0,23.0,56.0,26,1137711.0,1868195.0,2019,06/30/2019 03:56:27 PM,41.794462581,-87.770558224,"(41.794462581, -87.770558224)"
11703598,JC283006,2019-05-29 08:50:00,001XX S BELL AVE,0820,THEFT,$500 AND UNDER,STREET,False,False,1223,12.0,27.0,28.0,06,1161403.0,1899347.0,2019,06/30/2019 03:56:27 PM,41.879488622,-87.682814365,"(41.879488622, -87.682814365)"
11698816,JC277320,2019-05-24 21:29:00,133XX S INDIANA AVE,0560,ASSAULT,SIMPLE,STREET,False,False,533,5.0,9.0,54.0,08A,1179951.0,1816739.0,2019,06/30/2019 03:56:27 PM,41.652397609,-87.617234888,"(41.652397609, -87.617234888)"
11704279,JC283969,2019-05-29 15:17:00,060XX N CICERO AVE,0820,THEFT,$500 AND UNDER,SIDEWALK,False,False,1621,16.0,39.0,12.0,06,1143285.0,1939645.0,2019,06/30/2019 03:56:27 PM,41.990427791,-87.74833178700001,"(41.990427791, -87.748331787)"
11704378,JC283838,2019-05-29 18:42:00,017XX W TOUHY AVE,0460,BATTERY,SIMPLE,OTHER,False,False,2423,24.0,49.0,1.0,08B,1163521.0,1947891.0,2019,06/30/2019 03:56:27 PM,42.012651582,-87.67366558399999,"(42.012651582, -87.673665584)"
11704571,JC284208,2019-05-29 06:00:00,019XX N KENMORE AVE,0620,BURGLARY,UNLAWFUL ENTRY,STREET,False,False,1811,18.0,43.0,7.0,05,1169042.0,1913107.0,2019,06/30/2019 03:56:27 PM,41.917084635,-87.654365398,"(41.917084635, -87.654365398)"
11698972,JC277460,2019-05-24 22:17:00,074XX S VINCENNES AVE,3710,INTERFERENCE WITH PUBLIC OFFICER,RESIST/OBSTRUCT/DISARM OFFICER,STREET,True,False,731,7.0,6.0,69.0,24,1175944.0,1855736.0,2019,06/30/2019 03:56:27 PM,41.759501356,-87.630731859,"(41.759501356, -87.630731859)"
11704698,JC283937,2019-05-23 19:30:00,017XX W 21ST ST,0810,THEFT,OVER $500,APARTMENT,False,False,1234,12.0,25.0,31.0,06,1165180.0,1890124.0,2019,06/30/2019 03:56:27 PM,41.854100508,-87.669207823,"(41.854100508, -87.669207823)"
11699104,JC277092,2019-05-24 14:30:00,064XX S DR MARTIN LUTHER KING JR DR,1310,CRIMINAL DAMAGE,TO PROPERTY,CHA PARKING LOT/GROUNDS,False,False,312,3.0,20.0,69.0,14,1180026.0,1862445.0,2019,06/30/2019 03:56:27 PM,41.777819085,-87.61556634,"(41.777819085, -87.61556634)"
11705079,JC284759,2019-05-30 13:45:00,063XX N NAGLE AVE,0860,THEFT,RETAIL THEFT,GROCERY FOOD STORE,True,False,1611,16.0,41.0,10.0,06,1132627.0,1941632.0,2019,06/30/2019 03:56:27 PM,41.996073378,-87.78748829,"(41.996073378, -87.78748829)"
11695894,JC273621,2019-05-22 11:47:00,058XX S RACINE AVE,0454,BATTERY,AGG PO HANDS NO/MIN INJURY,STREET,True,False,713,7.0,16.0,67.0,08B,1169313.0,1866241.0,2019,06/30/2019 03:56:27 PM,41.788474424,-87.65473049299999,"(41.788474424, -87.654730493)"
11705263,JC285052,2019-05-30 16:20:00,018XX W MONTROSE AVE,0460,BATTERY,SIMPLE,COMMERCIAL / BUSINESS OFFICE,False,False,1912,19.0,47.0,5.0,08B,1163298.0,1929252.0,2019,06/30/2019 03:56:27 PM,41.961510266,-87.675013275,"(41.961510266, -87.675013275)"
11701801,JC280974,2019-05-24 00:01:00,047XX N KILBOURN AVE,4387,OTHER OFFENSE,VIOLATE ORDER OF PROTECTION,APARTMENT,False,True,1722,17.0,39.0,16.0,26,1145223.0,1931103.0,2019,06/30/2019 03:56:27 PM,41.966951382,-87.74142043799999,"(41.966951382, -87.741420438)"
11705488,JC284788,2019-05-24 14:30:00,004XX E 33RD ST,0820,THEFT,$500 AND UNDER,RESIDENCE,False,False,211,2.0,4.0,35.0,06,1179504.0,1883151.0,2019,06/30/2019 03:56:27 PM,41.834650079,-87.616847182,"(41.834650079, -87.616847182)"
11698231,JC276566,2019-05-24 11:30:00,002XX S PULASKI RD,1563,SEX OFFENSE,CRIMINAL SEXUAL ABUSE,VEHICLE NON-COMMERCIAL,False,False,1122,11.0,28.0,26.0,17,1149764.0,1898631.0,2019,06/30/2019 03:56:27 PM,41.87775797,-87.725569852,"(41.87775797, -87.725569852)"
11705556,JC285368,2019-05-30 19:45:00,055XX S SHIELDS AVE,0497,BATTERY,AGGRAVATED DOMESTIC BATTERY: OTHER DANG WEAPON,RESIDENCE,False,True,711,7.0,3.0,68.0,04B,1174916.0,1868076.0,2019,06/30/2019 03:56:27 PM,41.793386661999996,-87.63413172700001,"(41.793386662, -87.634131727)"
11699037,JC277392,2019-05-24 22:30:00,037XX N JANSSEN AVE,0486,BATTERY,DOMESTIC BATTERY SIMPLE,RESIDENCE,False,True,1922,19.0,44.0,6.0,08B,1165972.0,1925015.0,2019,06/30/2019 03:56:27 PM,41.949826963,-87.66530363700001,"(41.949826963, -87.665303637)"
11705691,JC285505,2019-05-30 21:00:00,070XX S VERNON AVE,0486,BATTERY,DOMESTIC BATTERY SIMPLE,APARTMENT,False,True,322,3.0,6.0,69.0,08B,1180462.0,1858526.0,2019,06/30/2019 03:56:27 PM,41.767054957,-87.61408812100001,"(41.767054957, -87.614088121)"
11705786,JC285652,2019-05-30 23:00:00,078XX S SOUTH SHORE DR,0486,BATTERY,DOMESTIC BATTERY SIMPLE,APARTMENT,False,True,421,4.0,7.0,43.0,08B,1197814.0,1854066.0,2019,06/30/2019 03:56:27 PM,41.754400648,-87.550635931,"(41.754400648, -87.550635931)"
11698842,JC277102,2019-05-24 16:15:00,122XX S WALLACE ST,0610,BURGLARY,FORCIBLE ENTRY,RESIDENCE,False,False,523,5.0,34.0,53.0,05,1174522.0,1823699.0,2019,06/30/2019 03:56:27 PM,41.671619054000004,-87.636893184,"(41.671619054, -87.636893184)"
11705860,JC285724,2019-05-30 19:00:00,054XX W HURON ST,1320,CRIMINAL DAMAGE,TO VEHICLE,STREET,False,False,1524,15.0,37.0,25.0,14,1139680.0,1904097.0,2019,06/30/2019 03:56:27 PM,41.892947348,-87.762462717,"(41.892947348, -87.762462717)"
11705992,JC285876,2019-05-30 19:00:00,019XX W HOWARD ST,0560,ASSAULT,SIMPLE,RESTAURANT,True,False,2424,24.0,49.0,1.0,08A,1161853.0,1950352.0,2019,11/12/2019 03:55:53 PM,42.019439727,-87.67973383200001,"(42.019439727, -87.679733832)"
11705566,JC285448,2019-05-24 18:00:00,0000X W SCHILLER ST,1210,DECEPTIVE PRACTICE,THEFT OF LABOR/SERVICES,RESIDENCE,False,False,1824,18.0,2.0,8.0,11,1175350.0,1909789.0,2019,06/30/2019 03:56:27 PM,41.90784052,-87.63128980100001,"(41.90784052, -87.631289801)"
11706747,JC286799,2019-05-31 18:13:00,029XX W SHERWIN AVE,1811,NARCOTICS,POSS: CANNABIS 30GMS OR LESS,STREET,True,False,2411,24.0,50.0,2.0,18,1155567.0,1948585.0,2019,06/30/2019 03:56:27 PM,42.014720407,-87.702913548,"(42.014720407, -87.702913548)"
11706859,JC287061,2019-05-31 23:19:00,007XX W 92ND ST,1310,CRIMINAL DAMAGE,TO PROPERTY,RESIDENCE,False,True,2223,22.0,21.0,73.0,14,1172794.0,1843848.0,2019,06/30/2019 03:56:27 PM,41.726949139,-87.64262621200001,"(41.726949139, -87.642626212)"
11706916,JC286986,2019-05-31 19:30:00,008XX W ERIE ST,0820,THEFT,$500 AND UNDER,STREET,False,False,1214,12.0,27.0,24.0,06,1170704.0,1904475.0,2019,06/30/2019 03:56:27 PM,41.893361663,-87.648512433,"(41.893361663, -87.648512433)"
11707112,JC285771,2019-05-30 08:00:00,073XX S DANTE AVE,0620,BURGLARY,UNLAWFUL ENTRY,RESIDENCE-GARAGE,False,False,324,3.0,8.0,43.0,05,1187140.0,1856687.0,2019,06/30/2019 03:56:27 PM,41.761852731,-87.58966911799999,"(41.761852731, -87.589669118)"
11707297,JC287596,2019-05-31 23:00:00,050XX W ROSCOE ST,2826,OTHER OFFENSE,HARASSMENT BY ELECTRONIC MEANS,RESIDENCE,False,False,1634,16.0,31.0,15.0,26,1142199.0,1922136.0,2019,06/30/2019 03:56:27 PM,41.942401926,-87.752762775,"(41.942401926, -87.752762775)"
11707348,JC287523,2019-06-01 06:00:00,121XX S LAFAYETTE AVE,0820,THEFT,$500 AND UNDER,RESIDENCE,False,False,523,5.0,9.0,53.0,06,1178111.0,1824490.0,2019,06/30/2019 03:56:27 PM,41.673709333000005,-87.62373372299999,"(41.673709333, -87.623733723)"
11697860,JC276181,2019-05-24 03:48:00,027XX W 25TH ST,143A,WEAPONS VIOLATION,UNLAWFUL POSS OF HANDGUN,OTHER,True,False,1034,10.0,24.0,30.0,15,1158200.0,1887285.0,2019,06/30/2019 03:56:27 PM,41.846455266999996,-87.69490466399999,"(41.846455267, -87.694904664)"
11707704,JC288195,2019-06-01 16:00:00,019XX N LINCOLN AVE,1150,DECEPTIVE PRACTICE,CREDIT CARD FRAUD,RESTAURANT,False,False,1814,18.0,43.0,7.0,11,1173771.0,1913124.0,2019,06/30/2019 03:56:27 PM,41.917027233,-87.63699069,"(41.917027233, -87.63699069)"
11699279,JC277766,2019-05-24 16:23:00,060XX S DR MARTIN LUTHER KING JR DR,2820,OTHER OFFENSE,TELEPHONE THREAT,RESIDENCE,True,False,313,3.0,20.0,42.0,08A,1179955.0,1865090.0,2019,06/30/2019 03:56:27 PM,41.785078849,-87.615745705,"(41.785078849, -87.615745705)"
11707801,JC286385,2019-05-17 12:00:00,014XX W LUNT AVE,2825,OTHER OFFENSE,HARASSMENT BY TELEPHONE,RESIDENCE,False,False,2423,24.0,49.0,1.0,26,1165410.0,1946614.0,2019,06/30/2019 03:56:27 PM,42.009107317,-87.666751626,"(42.009107317, -87.666751626)"
11698925,JC277441,2019-05-24 23:29:00,026XX S ST LOUIS AVE,143A,WEAPONS VIOLATION,UNLAWFUL POSS OF HANDGUN,SIDEWALK,True,False,1032,10.0,22.0,30.0,15,1153460.0,1886245.0,2019,06/30/2019 03:56:27 PM,41.843696759000004,-87.71232794,"(41.843696759, -87.71232794)"
11707948,JC285540,2019-05-30 18:30:00,023XX W JACKSON BLVD,0430,BATTERY,AGGRAVATED: OTHER DANG WEAPON,RESIDENTIAL YARD (FRONT/BACK),False,False,1225,12.0,27.0,28.0,04B,1160842.0,1898642.0,2019,06/30/2019 03:56:27 PM,41.877565688000004,-87.68489382899999,"(41.877565688, -87.684893829)"
11700896,JC279682,2019-05-24 15:00:00,005XX W ROOSEVELT RD,1150,DECEPTIVE PRACTICE,CREDIT CARD FRAUD,APPLIANCE STORE,False,False,124,1.0,11.0,28.0,11,1172744.0,1894970.0,2019,06/30/2019 03:56:27 PM,41.867234401,-87.641301791,"(41.867234401, -87.641301791)"
11707969,JC288508,2019-06-01 21:00:00,017XX N SPAULDING AVE,0820,THEFT,$500 AND UNDER,STREET,False,False,1422,14.0,26.0,22.0,06,1153860.0,1911741.0,2019,06/30/2019 03:56:27 PM,41.913652489,-87.71018066399999,"(41.913652489, -87.710180664)"
11708013,JC288420,2019-06-01 22:00:00,003XX N CANAL ST,0560,ASSAULT,SIMPLE,STREET,False,False,1214,12.0,42.0,28.0,08A,1173064.0,1902174.0,2019,06/30/2019 03:56:27 PM,41.886995567,-87.639913366,"(41.886995567, -87.639913366)"
11698308,JC276608,2019-05-24 02:00:00,072XX S TALMAN AVE,0486,BATTERY,DOMESTIC BATTERY SIMPLE,STREET,False,True,831,8.0,18.0,66.0,08B,1159963.0,1856441.0,2019,06/30/2019 03:56:27 PM,41.761779227,-87.68928273200001,"(41.761779227, -87.689282732)"
11708150,JC288695,2019-06-02 07:40:00,103XX S FOREST AVE,1310,CRIMINAL DAMAGE,TO PROPERTY,RESIDENCE,False,False,512,5.0,9.0,49.0,14,1180072.0,1836505.0,2019,06/30/2019 03:56:27 PM,41.706635655,-87.61619020200001,"(41.706635655, -87.616190202)"
11708324,JC288913,2019-06-01 18:37:00,0000X N STATE ST,0860,THEFT,RETAIL THEFT,DEPARTMENT STORE,False,False,112,1.0,42.0,32.0,06,1176364.0,1900524.0,2019,06/30/2019 03:56:27 PM,41.882394061999996,-87.627844798,"(41.882394062, -87.627844798)"
11708330,JC288866,2019-06-02 04:45:00,075XX W IRVING PARK RD,1150,DECEPTIVE PRACTICE,CREDIT CARD FRAUD,DEPARTMENT STORE,False,False,1631,16.0,38.0,17.0,11,1124872.0,1925723.0,2019,06/30/2019 03:56:27 PM,41.952549459000004,-87.816369168,"(41.952549459, -87.816369168)"
11708336,JC288826,2019-06-01 23:00:00,024XX N CENTRAL AVE,1570,SEX OFFENSE,PUBLIC INDECENCY,NURSING HOME/RETIREMENT HOME,False,False,2515,25.0,30.0,19.0,17,1138633.0,1915735.0,2019,06/30/2019 03:56:27 PM,41.924902435999996,-87.76602531299999,"(41.924902436, -87.766025313)"
11708341,JC288785,2019-06-02 09:59:00,007XX W DIVERSEY PKWY,0454,BATTERY,AGG PO HANDS NO/MIN INJURY,APARTMENT,True,False,1934,19.0,44.0,6.0,08B,1170960.0,1918833.0,2019,06/30/2019 03:56:27 PM,41.932755165,-87.64715036700001,"(41.932755165, -87.647150367)"
11708325,JC288857,2019-06-01 03:30:00,081XX S COLES AVE,0486,BATTERY,DOMESTIC BATTERY SIMPLE,RESIDENCE,False,True,422,4.0,7.0,46.0,08B,1198232.0,1851690.0,2019,06/30/2019 03:56:27 PM,41.747870291999995,-87.549183485,"(41.747870292, -87.549183485)"
11708331,JC288729,2019-06-01 18:30:00,038XX N ODELL AVE,0820,THEFT,$500 AND UNDER,STREET,False,False,1631,16.0,38.0,17.0,06,1126394.0,1924561.0,2019,06/30/2019 03:56:27 PM,41.949335465,-87.810800155,"(41.949335465, -87.810800155)"
11708335,JC288884,2019-06-02 11:55:00,036XX N RECREATION DR,0560,ASSAULT,SIMPLE,PARK PROPERTY,True,False,1925,19.0,46.0,6.0,08A,1172031.0,1924865.0,2019,06/30/2019 03:56:27 PM,41.949283608,-87.643036076,"(41.949283608, -87.643036076)"
11708340,JC288821,2019-06-01 22:15:00,017XX W 21ST ST,1320,CRIMINAL DAMAGE,TO VEHICLE,STREET,False,False,1234,12.0,25.0,31.0,14,1165010.0,1890119.0,2019,06/30/2019 03:56:27 PM,41.854090394,-87.66983193,"(41.854090394, -87.66983193)"
11708326,JC288907,2019-06-02 00:30:00,081XX S ELIZABETH ST,0890,THEFT,FROM BUILDING,APARTMENT,False,False,613,6.0,21.0,71.0,06,1169406.0,1850829.0,2019,06/30/2019 03:56:27 PM,41.746179924,-87.65483527200001,"(41.746179924, -87.654835272)"
11708338,JC288768,2019-06-02 09:43:00,006XX W 63RD ST,143A,WEAPONS VIOLATION,UNLAWFUL POSS OF HANDGUN,STREET,True,False,723,7.0,20.0,68.0,15,1173239.0,1863118.0,2019,06/30/2019 03:56:27 PM,41.779818631,-87.640427625,"(41.779818631, -87.640427625)"
11708333,JC288899,2019-06-01 15:00:00,004XX N WELLS ST,0810,THEFT,OVER $500,PARKING LOT/GARAGE(NON.RESID.),False,False,1831,18.0,42.0,8.0,06,1174661.0,1903052.0,2019,06/30/2019 03:56:27 PM,41.889369287,-87.634022523,"(41.889369287, -87.634022523)"
11709011,JC289624,2019-06-02 13:30:00,054XX S LAKE PARK AVE,0460,BATTERY,SIMPLE,STREET,False,False,234,2.0,5.0,41.0,08B,1187685.0,1869633.0,2019,06/30/2019 03:56:27 PM,41.797364656999996,-87.58725999299999,"(41.797364657, -87.587259993)"
11709135,JC286626,2019-05-31 11:05:00,0000X W C27 ST,1570,SEX OFFENSE,PUBLIC INDECENCY,AIRCRAFT,False,False,1651,16.0,41.0,76.0,17,1099468.0,1935870.0,2019,06/30/2019 03:56:27 PM,41.98077686,-87.909573855,"(41.98077686, -87.909573855)"
11710060,JC291010,2019-06-03 21:14:00,040XX S DR MARTIN LUTHER KING JR DR,031A,ROBBERY,ARMED: HANDGUN,STREET,False,False,213,2.0,3.0,38.0,03,1179521.0,1878336.0,2019,06/30/2019 03:56:27 PM,41.821436965,-87.616932134,"(41.821436965, -87.616932134)"
11698652,JC277129,2019-05-24 19:00:00,068XX S CALUMET AVE,1310,CRIMINAL DAMAGE,TO PROPERTY,RESIDENCE,False,False,322,3.0,20.0,69.0,14,1179662.0,1859635.0,2019,06/30/2019 03:56:27 PM,41.770116488,-87.61698656700001,"(41.770116488, -87.616986567)"
11710337,JC291241,2019-06-01 19:00:00,023XX W MARQUETTE RD,1152,DECEPTIVE PRACTICE,ILLEGAL USE CASH CARD,OTHER,False,False,832,8.0,17.0,66.0,11,1162000.0,1860173.0,2019,06/30/2019 03:56:27 PM,41.771978272,-87.681713242,"(41.771978272, -87.681713242)"
11698331,JC276379,2019-05-24 09:20:00,039XX W 79TH ST,0460,BATTERY,SIMPLE,CTA BUS,True,False,833,8.0,18.0,70.0,08B,1151338.0,1851934.0,2019,06/30/2019 03:56:27 PM,41.749584118,-87.721012209,"(41.749584118, -87.721012209)"
11710736,JC290499,2019-05-31 22:55:00,001XX N JEFFERSON ST,2826,OTHER OFFENSE,HARASSMENT BY ELECTRONIC MEANS,RESIDENCE,False,True,121,1.0,42.0,28.0,26,1172295.0,1901507.0,2019,06/30/2019 03:56:27 PM,41.885182294,-87.642757034,"(41.885182294, -87.642757034)"
11710840,JC291844,2019-06-04 13:57:00,029XX W 40TH ST,0820,THEFT,$500 AND UNDER,RESIDENCE PORCH/HALLWAY,False,False,921,9.0,12.0,58.0,06,1157470.0,1877979.0,2019,06/30/2019 03:56:27 PM,41.820933357,-87.697836403,"(41.820933357, -87.697836403)"
11698759,JC277309,2019-05-24 20:40:00,045XX S TROY ST,0560,ASSAULT,SIMPLE,RESIDENTIAL YARD (FRONT/BACK),False,False,922,9.0,14.0,58.0,08A,1156129.0,1874386.0,2019,06/30/2019 03:56:27 PM,41.81110081,-87.70285258700001,"(41.81110081, -87.702852587)"
11711143,JC292328,2019-06-03 20:30:00,007XX E 47TH ST,1310,CRIMINAL DAMAGE,TO PROPERTY,OTHER,False,False,221,2.0,4.0,38.0,14,1181804.0,1874006.0,2019,06/30/2019 03:56:27 PM,41.809502570999996,-87.60869096399999,"(41.809502571, -87.608690964)"
11697732,JC276056,2019-05-24 00:00:00,003XX W 59TH ST,2027,NARCOTICS,POSS: CRACK,VEHICLE NON-COMMERCIAL,True,False,711,7.0,20.0,68.0,18,1174861.0,1865824.0,2019,06/30/2019 03:56:27 PM,41.787208166,-87.634400539,"(41.787208166, -87.634400539)"
11698143,JC276405,2019-05-24 09:46:00,006XX E 75TH ST,0910,MOTOR VEHICLE THEFT,AUTOMOBILE,GROCERY FOOD STORE,False,False,323,3.0,6.0,69.0,07,1182008.0,1855432.0,2019,06/30/2019 03:56:27 PM,41.75852909,-87.608517015,"(41.75852909, -87.608517015)"
11711511,JC292638,2019-06-05 00:11:00,064XX S CALIFORNIA AVE,0496,BATTERY,AGGRAVATED DOMESTIC BATTERY: KNIFE/CUTTING INST,RESIDENCE,False,True,825,8.0,17.0,66.0,04B,1158822.0,1861721.0,2019,06/30/2019 03:56:27 PM,41.776291692,-87.693320649,"(41.776291692, -87.693320649)"
11698365,JC276777,2019-05-24 13:30:00,037XX W POLK ST,0910,MOTOR VEHICLE THEFT,AUTOMOBILE,RESIDENTIAL YARD (FRONT/BACK),False,False,1133,11.0,24.0,27.0,07,1151703.0,1896118.0,2019,06/30/2019 03:56:27 PM,41.870824121999995,-87.71851637700001,"(41.870824122, -87.718516377)"
11711660,JC292800,2019-06-05 07:00:00,014XX W SUPERIOR ST,0560,ASSAULT,SIMPLE,STREET,False,False,1215,12.0,27.0,24.0,08A,1166316.0,1905110.0,2019,06/30/2019 03:56:27 PM,41.895199124,-87.66460972799999,"(41.895199124, -87.664609728)"
11698435,JC276883,2019-05-24 15:58:00,040XX W WILCOX ST,2027,NARCOTICS,POSS: CRACK,RESIDENCE PORCH/HALLWAY,True,False,1115,11.0,28.0,26.0,18,1149536.0,1899031.0,2019,06/30/2019 03:56:27 PM,41.878860042,-87.726396631,"(41.878860042, -87.726396631)"
11711849,JC291260,2019-06-04 02:00:00,019XX S DRAKE AVE,0430,BATTERY,AGGRAVATED: OTHER DANG WEAPON,APARTMENT,False,False,1024,10.0,24.0,29.0,04B,1153060.0,1890094.0,2019,06/30/2019 03:56:27 PM,41.854266804,-87.71369394799999,"(41.854266804, -87.713693948)"
11698855,JC277367,2019-05-24 21:00:00,020XX W DICKENS AVE,1310,CRIMINAL DAMAGE,TO PROPERTY,ALLEY,False,False,1432,14.0,32.0,22.0,14,1162482.0,1913851.0,2019,06/30/2019 03:56:27 PM,41.919266205,-87.678445911,"(41.919266205, -87.678445911)"
11711948,JC292987,2019-06-05 09:35:00,084XX S DR MARTIN LUTHER KING JR DR,1365,CRIMINAL TRESPASS,TO RESIDENCE,RESIDENCE-GARAGE,True,False,632,6.0,6.0,44.0,26,1180386.0,1849107.0,2019,06/30/2019 03:56:27 PM,41.74120993,-87.614655086,"(41.74120993, -87.614655086)"
11698986,JC277402,2019-05-24 22:44:00,066XX S SEELEY AVE,0495,BATTERY,AGGRAVATED OF A SENIOR CITIZEN,RESIDENCE,True,True,726,7.0,16.0,67.0,04B,1163838.0,1860686.0,2019,06/30/2019 03:56:27 PM,41.773347601,-87.67496128299999,"(41.773347601, -87.674961283)"
11712183,JC293250,2019-02-06 15:00:00,008XX E 81ST ST,1153,DECEPTIVE PRACTICE,FINANCIAL IDENTITY THEFT OVER $ 300,RESIDENCE,False,False,631,6.0,8.0,44.0,11,1183408.0,1851477.0,2019,06/30/2019 03:56:27 PM,41.747643677,-87.603509135,"(41.747643677, -87.603509135)"
11698611,JC276964,2019-05-24 15:24:00,008XX N MASSASOIT AVE,0486,BATTERY,DOMESTIC BATTERY SIMPLE,APARTMENT,True,True,1511,15.0,29.0,25.0,08B,1137874.0,1905068.0,2019,06/30/2019 03:56:27 PM,41.895644675,-87.769072114,"(41.895644675, -87.769072114)"
11712228,JC293479,2019-06-05 15:00:00,083XX S ELLIS AVE,0630,BURGLARY,ATTEMPT FORCIBLE ENTRY,RESIDENCE,False,False,632,6.0,8.0,44.0,05,1184340.0,1849824.0,2019,06/30/2019 03:56:27 PM,41.743085926999996,-87.600145655,"(41.743085927, -87.600145655)"
11712396,JC293883,2019-06-05 19:27:00,122XX S GREEN ST,1822,NARCOTICS,MANU/DEL:CANNABIS OVER 10 GMS,STREET,True,False,524,5.0,34.0,53.0,18,1172878.0,1823613.0,2019,06/30/2019 03:56:27 PM,41.671419359,-87.642912709,"(41.671419359, -87.642912709)"
11712512,JC293551,2019-06-05 08:40:00,011XX S MICHIGAN AVE,0610,BURGLARY,FORCIBLE ENTRY,APARTMENT,False,False,123,1.0,4.0,32.0,05,1177422.0,1895476.0,2019,06/30/2019 03:56:27 PM,41.868518128000005,-87.624113021,"(41.868518128, -87.624113021)"
11699052,JC277388,2019-05-24 21:56:00,038XX W MAYPOLE AVE,141A,WEAPONS VIOLATION,UNLAWFUL USE HANDGUN,STREET,True,False,1122,11.0,28.0,26.0,15,1150795.0,1900941.0,2019,06/30/2019 03:56:27 PM,41.884076765,-87.721723807,"(41.884076765, -87.721723807)"
11713001,JC294504,2019-05-30 14:00:00,051XX S MICHIGAN AVE,0810,THEFT,OVER $500,APARTMENT,False,False,225,2.0,3.0,40.0,06,1178031.0,1870873.0,2019,06/30/2019 03:56:27 PM,41.800991803,-87.622624586,"(41.800991803, -87.622624586)"
11701618,JC280668,2019-05-24 14:42:00,032XX W MAYPOLE AVE,0810,THEFT,OVER $500,OTHER,False,False,1123,11.0,28.0,27.0,06,1154763.0,1900799.0,2019,06/30/2019 03:56:27 PM,41.883608576,-87.707156605,"(41.883608576, -87.707156605)"
11713494,JC294790,2019-05-01 09:00:00,101XX S RHODES AVE,2826,OTHER OFFENSE,HARASSMENT BY ELECTRONIC MEANS,RESIDENCE,False,True,511,5.0,9.0,49.0,26,1181701.0,1837766.0,2019,06/30/2019 03:56:27 PM,41.71005862,-87.610186124,"(41.71005862, -87.610186124)"
11704868,JC284535,2019-05-20 00:00:00,081XX S VERNON AVE,1154,DECEPTIVE PRACTICE,FINANCIAL IDENTITY THEFT $300 AND UNDER,OTHER,False,False,631,6.0,6.0,44.0,11,1180656.0,1851195.0,2019,06/30/2019 03:56:27 PM,41.746933449000004,-87.613601845,"(41.746933449, -87.613601845)"
11713772,JC295505,2019-06-06 23:00:00,034XX W FULTON BLVD,0650,BURGLARY,HOME INVASION,APARTMENT,False,False,1123,11.0,28.0,27.0,05,1153457.0,1901786.0,2019,06/30/2019 03:56:27 PM,41.886343054,-87.711926124,"(41.886343054, -87.711926124)"
11699144,JC276510,2019-05-24 10:37:00,065XX S KENWOOD AVE,0810,THEFT,OVER $500,VEHICLE NON-COMMERCIAL,False,False,321,3.0,20.0,42.0,06,1186193.0,1861934.0,2019,06/30/2019 03:56:27 PM,41.776273382,-87.592974394,"(41.776273382, -87.592974394)"
11713858,JC295581,2019-06-07 02:30:00,046XX S COTTAGE GROVE AVE,0430,BATTERY,AGGRAVATED: OTHER DANG WEAPON,PARKING LOT/GARAGE(NON.RESID.),False,False,221,2.0,4.0,39.0,04B,1182376.0,1874323.0,2019,06/30/2019 03:56:27 PM,41.81035919,-87.606583156,"(41.81035919, -87.606583156)"
11698240,JC276584,2019-05-24 11:45:00,024XX S KEDZIE AVE,0560,ASSAULT,SIMPLE,OTHER,False,False,1024,10.0,12.0,30.0,08A,1155414.0,1887560.0,2019,06/30/2019 03:56:27 PM,41.847266278,-87.705121819,"(41.847266278, -87.705121819)"
11713949,JC295678,2019-06-06 19:15:00,005XX N DRAKE AVE,0820,THEFT,$500 AND UNDER,STREET,False,False,1121,11.0,27.0,23.0,06,1152621.0,1903390.0,2019,06/30/2019 03:56:27 PM,41.890761164000004,-87.714953686,"(41.890761164, -87.714953686)"
11714142,JC295889,2019-06-06 20:45:00,053XX S MC VICKER AVE,0486,BATTERY,DOMESTIC BATTERY SIMPLE,RESIDENCE,False,True,811,8.0,23.0,56.0,08B,1136946.0,1868402.0,2019,06/30/2019 03:56:27 PM,41.795044333,-87.773358573,"(41.795044333, -87.773358573)"
11714230,JC296042,2019-06-04 07:00:00,078XX S STATE ST,1152,DECEPTIVE PRACTICE,ILLEGAL USE CASH CARD,RESIDENCE,False,False,623,6.0,6.0,69.0,11,1177638.0,1853215.0,2019,06/30/2019 03:56:27 PM,41.752545308,-87.62459954100001,"(41.752545308, -87.624599541)"
11698951,JC277434,2019-05-24 22:52:00,063XX S ST LAWRENCE AVE,143A,WEAPONS VIOLATION,UNLAWFUL POSS OF HANDGUN,VEHICLE-COMMERCIAL,True,False,312,3.0,20.0,42.0,15,1181322.0,1863203.0,2019,06/30/2019 03:56:27 PM,41.779869327,-87.610791873,"(41.779869327, -87.610791873)"
11714281,JC294561,2019-06-04 11:15:00,103XX S ELIZABETH ST,500E,OTHER OFFENSE,EAVESDROPPING,"SCHOOL, PUBLIC, BUILDING",False,False,2232,22.0,34.0,73.0,26,1169846.0,1836216.0,2019,06/30/2019 03:56:27 PM,41.706070186,-87.65364580299999,"(41.706070186, -87.653645803)"
11714366,JC294820,2019-06-06 14:35:00,002XX N LAMON AVE,031A,ROBBERY,ARMED: HANDGUN,ALLEY,False,False,1532,15.0,28.0,25.0,03,1143670.0,1901148.0,2019,06/30/2019 03:56:27 PM,41.884781161,-87.74788268100001,"(41.884781161, -87.747882681)"
11698468,JC276886,2019-05-24 13:00:00,010XX E 79TH ST,0810,THEFT,OVER $500,PARKING LOT/GARAGE(NON.RESID.),False,False,624,6.0,8.0,69.0,06,1184403.0,1852834.0,2019,06/30/2019 03:56:27 PM,41.751344208,-87.599820806,"(41.751344208, -87.599820806)"
11714470,JC296205,2019-06-07 13:00:00,079XX S MORGAN ST,1310,CRIMINAL DAMAGE,TO PROPERTY,STREET,False,False,621,6.0,17.0,71.0,14,1171024.0,1852174.0,2019,06/30/2019 03:56:27 PM,41.74983562,-87.648867366,"(41.74983562, -87.648867366)"
11698879,JC277365,2019-05-24 22:00:00,016XX S BLUE ISLAND AVE,0890,THEFT,FROM BUILDING,BAR OR TAVERN,False,False,1233,12.0,25.0,31.0,06,1167684.0,1892022.0,2019,06/30/2019 03:56:27 PM,41.859255273,-87.659962562,"(41.859255273, -87.659962562)"
11714574,JC296488,2019-06-07 17:15:00,001XX W 47TH ST,0560,ASSAULT,SIMPLE,STREET,False,False,215,2.0,3.0,37.0,08A,1176223.0,1873843.0,2019,06/30/2019 03:56:27 PM,41.809182593,-87.629165861,"(41.809182593, -87.629165861)"
11702735,JC281972,2019-05-24 10:00:00,122XX S HARVARD AVE,0820,THEFT,$500 AND UNDER,RESIDENCE,False,False,523,5.0,34.0,53.0,06,1176162.0,1823796.0,2019,06/30/2019 03:56:27 PM,41.671848709,-87.63088793700001,"(41.671848709, -87.630887937)"
11715089,JC297117,2019-06-08 03:27:00,027XX W MONROE ST,041A,BATTERY,AGGRAVATED: HANDGUN,SIDEWALK,False,False,1125,11.0,27.0,27.0,04B,1158099.0,1899573.0,2019,06/30/2019 03:56:27 PM,41.880176868,-87.694939992,"(41.880176868, -87.694939992)"
11705100,JC284682,2019-05-22 00:00:00,082XX S WOOD ST,1122,DECEPTIVE PRACTICE,COUNTERFEIT CHECK,RESIDENCE,False,False,614,6.0,17.0,71.0,10,1165782.0,1850027.0,2019,06/30/2019 03:56:27 PM,41.744056769000004,-87.66813714700001,"(41.744056769, -87.668137147)"
11715707,JC297989,2019-06-01 01:00:00,030XX N LAKE SHORE DR,0810,THEFT,OVER $500,STREET,False,False,1934,19.0,44.0,6.0,06,1173697.0,1920475.0,2019,06/30/2019 03:56:27 PM,41.937200321999995,-87.637043249,"(41.937200322, -87.637043249)"
11697873,JC276183,2019-05-24 03:50:00,069XX S VERNON AVE,1310,CRIMINAL DAMAGE,TO PROPERTY,APARTMENT,False,True,322,3.0,6.0,69.0,14,1180446.0,1859127.0,2019,06/30/2019 03:56:27 PM,41.76870453,-87.614128347,"(41.76870453, -87.614128347)"
11715985,JC298157,2019-06-08 21:25:00,063XX S ASHLAND AVE,0560,ASSAULT,SIMPLE,STREET,True,False,725,7.0,16.0,67.0,08A,1166759.0,1862645.0,2019,06/30/2019 03:56:27 PM,41.778661488000004,-87.664197679,"(41.778661488, -87.664197679)"
11717076,JC299518,2019-06-09 20:35:00,069XX S EMERALD AVE,2014,NARCOTICS,MANU/DELIVER: HEROIN (WHITE),SIDEWALK,True,False,732,7.0,6.0,68.0,18,1172501.0,1858945.0,2019,06/30/2019 03:56:27 PM,41.768383716,-87.64325598399999,"(41.768383716, -87.643255984)"
11717125,JC299629,2019-06-09 23:30:00,002XX N DEARBORN ST,0334,ROBBERY,ATTEMPT: ARMED-KNIFE/CUT INSTR,SIDEWALK,False,False,111,1.0,42.0,32.0,03,1175901.0,1901839.0,2019,06/30/2019 03:56:27 PM,41.886012928,-87.62950531799999,"(41.886012928, -87.629505318)"
11717357,JC299827,2019-06-08 20:00:00,047XX N HAMILTON AVE,0820,THEFT,$500 AND UNDER,STREET,False,False,1911,19.0,47.0,4.0,06,1161270.0,1931629.0,2019,06/30/2019 03:56:27 PM,41.96807538,-87.682402925,"(41.96807538, -87.682402925)"
11717435,JC299980,2019-06-03 12:30:00,106XX S LA SALLE ST,0890,THEFT,FROM BUILDING,RESIDENCE,False,False,512,5.0,34.0,49.0,06,1177155.0,1834542.0,2019,06/30/2019 03:56:27 PM,41.701315070999996,-87.626931073,"(41.701315071, -87.626931073)"
11717648,JC300159,2019-06-10 11:28:00,002XX W GARFIELD BLVD,0430,BATTERY,AGGRAVATED: OTHER DANG WEAPON,CTA TRAIN,False,False,935,9.0,3.0,37.0,04B,1175647.0,1868500.0,2019,06/30/2019 03:56:27 PM,41.794533814,-87.631438536,"(41.794533814, -87.631438536)"
11698916,JC276580,2019-05-24 12:02:00,080XX S COTTAGE GROVE AVE,0560,ASSAULT,SIMPLE,APARTMENT,False,True,631,6.0,8.0,44.0,08A,1182951.0,1851892.0,2019,06/30/2019 03:56:27 PM,41.748793106,-87.605170835,"(41.748793106, -87.605170835)"
11717766,JC300346,2019-06-10 12:00:00,0000X E 111TH PL,0910,MOTOR VEHICLE THEFT,AUTOMOBILE,STREET,False,False,531,5.0,9.0,49.0,07,1178492.0,1831045.0,2019,06/30/2019 03:56:27 PM,41.691688609,-87.62214118200001,"(41.691688609, -87.622141182)"
11697857,JC276162,2019-05-24 02:36:00,007XX N LARAMIE AVE,0497,BATTERY,AGGRAVATED DOMESTIC BATTERY: OTHER DANG WEAPON,STREET,False,False,1531,15.0,37.0,25.0,04B,1141561.0,1904334.0,2019,06/30/2019 03:56:27 PM,41.893563154,-87.755548567,"(41.893563154, -87.755548567)"
11718483,JC301078,2019-06-10 22:00:00,034XX N HALSTED ST,0820,THEFT,$500 AND UNDER,SMALL RETAIL STORE,False,False,1924,19.0,44.0,6.0,06,1170321.0,1922869.0,2019,06/30/2019 03:56:27 PM,41.943844128,-87.649380278,"(41.943844128, -87.649380278)"
11704241,JC282796,2019-05-24 21:30:00,060XX S ELLIS AVE,0820,THEFT,$500 AND UNDER,"SCHOOL, PUBLIC, GROUNDS",False,False,235,2.0,20.0,42.0,06,1183929.0,1865166.0,2019,06/30/2019 03:56:27 PM,41.785195464000005,-87.601173081,"(41.785195464, -87.601173081)"
11718510,JC301172,2019-06-11 01:00:00,077XX S NORMAL AVE,0486,BATTERY,DOMESTIC BATTERY SIMPLE,APARTMENT,False,False,621,6.0,17.0,69.0,08B,1174305.0,1853506.0,2019,06/30/2019 03:56:27 PM,41.753418541,-87.63680490200001,"(41.753418541, -87.636804902)"
11718830,JC301557,2019-06-09 18:00:00,070XX N WESTERN AVE,1310,CRIMINAL DAMAGE,TO PROPERTY,BARBERSHOP,False,False,2411,24.0,50.0,2.0,14,1159045.0,1946546.0,2019,06/30/2019 03:56:27 PM,42.00905433,-87.690172193,"(42.00905433, -87.690172193)"
11703431,JC281748,2019-05-24 18:30:00,060XX S PRAIRIE AVE,0820,THEFT,$500 AND UNDER,APARTMENT,False,False,311,3.0,20.0,40.0,06,1179077.0,1864962.0,2019,06/30/2019 03:56:27 PM,41.784747667,-87.61896870700001,"(41.784747667, -87.618968707)"
11719181,JC301837,2019-06-11 10:00:00,018XX N SPAULDING AVE,0460,BATTERY,SIMPLE,SIDEWALK,False,False,1422,14.0,1.0,22.0,08B,1153854.0,1911931.0,2019,06/30/2019 03:56:27 PM,41.914173986,-87.710197635,"(41.914173986, -87.710197635)"
11719461,JC302430,2019-06-11 19:30:00,008XX N CICERO AVE,1477,WEAPONS VIOLATION,RECKLESS FIREARM DISCHARGE,GAS STATION,False,False,1111,11.0,37.0,25.0,15,1144206.0,1904988.0,2019,06/30/2019 03:56:27 PM,41.895308517,-87.745817836,"(41.895308517, -87.745817836)"
11719752,JC302752,2019-06-11 21:30:00,025XX W LELAND AVE,0810,THEFT,OVER $500,STREET,False,False,1911,19.0,47.0,4.0,06,1158665.0,1931130.0,2019,06/30/2019 03:56:27 PM,41.966760008,-87.69199507,"(41.966760008, -87.69199507)"
11719795,JC302822,2019-06-11 04:30:00,007XX W MELROSE ST,0313,ROBBERY,ARMED: OTHER DANGEROUS WEAPON,SIDEWALK,False,False,1925,19.0,44.0,6.0,03,1170698.0,1921865.0,2019,06/30/2019 03:56:27 PM,41.94108085,-87.64802411299999,"(41.94108085, -87.648024113)"
11698718,JC277218,2019-05-24 20:00:00,080XX S COLFAX AVE,0486,BATTERY,DOMESTIC BATTERY SIMPLE,APARTMENT,False,True,422,4.0,7.0,46.0,08B,1194911.0,1852123.0,2019,06/30/2019 03:56:27 PM,41.749140885,-87.56133818,"(41.749140885, -87.56133818)"
11720334,JC303558,2019-06-05 18:30:00,040XX N KENMORE AVE,0460,BATTERY,SIMPLE,RESIDENTIAL YARD (FRONT/BACK),False,False,1915,19.0,46.0,3.0,08B,1168442.0,1927115.0,2019,06/30/2019 03:56:27 PM,41.955536258,-87.656163265,"(41.955536258, -87.656163265)"
11698766,JC277311,2019-05-24 20:00:00,045XX W FIFTH AVE,1506,PROSTITUTION,SOLICIT ON PUBLIC WAY,STREET,True,False,1131,11.0,24.0,26.0,16,1146482.0,1895629.0,2019,06/30/2019 03:56:27 PM,41.869583263,-87.737697134,"(41.869583263, -87.737697134)"
11720648,JC303552,2019-06-12 16:00:00,011XX N ASHLAND AVE,0460,BATTERY,SIMPLE,SIDEWALK,False,False,1213,12.0,2.0,24.0,08B,1165513.0,1907889.0,2019,06/30/2019 03:56:27 PM,41.902842034,-87.667479717,"(41.902842034, -87.667479717)"
11697768,JC276077,2019-05-24 00:20:00,003XX E 47TH ST,0460,BATTERY,SIMPLE,SIDEWALK,False,False,215,2.0,3.0,38.0,08B,1179029.0,1873926.0,2019,06/30/2019 03:56:27 PM,41.809346801,-87.618871535,"(41.809346801, -87.618871535)"
11697935,JC276198,2019-05-24 04:43:00,014XX W LAKE ST,0460,BATTERY,SIMPLE,STREET,True,False,1224,12.0,27.0,28.0,08B,1166633.0,1901539.0,2019,06/30/2019 03:56:27 PM,41.885393253000004,-87.663547848,"(41.885393253, -87.663547848)"
11697756,JC276083,2019-05-24 00:45:00,045XX S PRAIRIE AVE,0486,BATTERY,DOMESTIC BATTERY SIMPLE,STREET,True,True,215,2.0,3.0,38.0,08B,1178804.0,1874882.0,2019,06/30/2019 03:56:27 PM,41.811975276999995,-87.619667669,"(41.811975277, -87.619667669)"
11697902,JC276072,2019-05-24 00:13:00,027XX N MOBILE AVE,0486,BATTERY,DOMESTIC BATTERY SIMPLE,RESIDENCE,True,False,2512,25.0,30.0,19.0,08B,1133945.0,1917439.0,2019,06/30/2019 03:56:27 PM,41.929662228000005,-87.783211259,"(41.929662228, -87.783211259)"
11697770,JC276130,2019-05-24 00:25:00,046XX W 55TH ST,0560,ASSAULT,SIMPLE,WAREHOUSE,False,False,815,8.0,23.0,56.0,08A,1146347.0,1867744.0,2019,06/30/2019 03:56:27 PM,41.79306546,-87.738901155,"(41.79306546, -87.738901155)"
11698225,JC276602,2019-05-24 12:15:00,014XX N MILWAUKEE AVE,0810,THEFT,OVER $500,RESTAURANT,False,False,1424,14.0,1.0,24.0,06,1163453.0,1910041.0,2019,06/30/2019 03:56:27 PM,41.908790904,-87.67498579299999,"(41.908790904, -87.674985793)"
11698267,JC276483,2019-05-24 10:40:00,003XX W 111TH ST,0560,ASSAULT,SIMPLE,RESIDENCE,False,False,522,5.0,34.0,49.0,08A,1175947.0,1831315.0,2019,06/30/2019 03:56:27 PM,41.692486813,-87.63145064,"(41.692486813, -87.63145064)"
11698134,JC276504,2019-05-24 10:49:00,039XX W POLK ST,2024,NARCOTICS,POSS: HEROIN(WHITE),STREET,True,False,1132,11.0,24.0,26.0,18,1150148.0,1896074.0,2019,06/30/2019 03:56:27 PM,41.870733802,-87.724226516,"(41.870733802, -87.724226516)"
11698388,JC276752,2019-05-24 14:30:00,006XX W BRIAR PL,0890,THEFT,FROM BUILDING,RESTAURANT,False,False,1934,19.0,44.0,6.0,06,1171492.0,1921164.0,2019,06/30/2019 03:56:27 PM,41.939139823000005,-87.64512657,"(41.939139823, -87.64512657)"
11698150,JC276486,2019-05-24 03:00:00,001XX W HUBBARD ST,0820,THEFT,$500 AND UNDER,STREET,False,False,1831,18.0,42.0,8.0,06,1175301.0,1903292.0,2019,06/30/2019 03:56:27 PM,41.890013524000004,-87.631664996,"(41.890013524, -87.631664996)"
11697806,JC276087,2019-05-24 00:52:00,003XX W CHICAGO AVE,0460,BATTERY,SIMPLE,SIDEWALK,True,False,1823,18.0,27.0,8.0,08B,1173942.0,1905667.0,2019,06/30/2019 03:56:27 PM,41.896561044,-87.63658497799999,"(41.896561044, -87.636584978)"
11697730,JC276059,2019-05-24 00:03:00,068XX N GREENVIEW AVE,1320,CRIMINAL DAMAGE,TO VEHICLE,STREET,False,False,2431,24.0,49.0,1.0,14,1165136.0,1945403.0,2019,06/30/2019 03:56:27 PM,42.00579016,-87.667794386,"(42.00579016, -87.667794386)"
11697748,JC276070,2019-05-24 00:10:00,045XX N CAMPBELL AVE,0460,BATTERY,SIMPLE,"SCHOOL, PUBLIC, GROUNDS",False,False,1911,19.0,47.0,4.0,08B,1158887.0,1930064.0,2019,06/30/2019 03:56:27 PM,41.963830285,-87.69120818100001,"(41.963830285, -87.691208181)"
11697717,JC276062,2019-05-24 00:04:00,024XX S HARDING AVE,0486,BATTERY,DOMESTIC BATTERY SIMPLE,APARTMENT,True,True,1013,10.0,22.0,30.0,08B,1150435.0,1887417.0,2019,06/30/2019 03:56:27 PM,41.846972361,-87.723398616,"(41.846972361, -87.723398616)"
11697820,JC276084,2019-05-24 00:35:00,071XX S RACINE AVE,0530,ASSAULT,AGGRAVATED: OTHER DANG WEAPON,STREET,True,False,734,7.0,6.0,67.0,04A,1169562.0,1857226.0,2019,06/30/2019 03:56:27 PM,41.763730764,-87.65407858799999,"(41.763730764, -87.654078588)"
11697957,JC276277,2019-05-24 07:30:00,0000X W TERMINAL ST,1350,CRIMINAL TRESPASS,TO STATE SUP LAND,AIRPORT TERMINAL LOWER LEVEL - NON-SECURE AREA,True,False,1652,16.0,41.0,76.0,26,1100726.0,1934289.0,2019,06/30/2019 03:56:27 PM,41.976421200000004,-87.904976266,"(41.9764212, -87.904976266)"
11698122,JC276422,2019-05-24 10:10:00,032XX W MADISON ST,031A,ROBBERY,ARMED: HANDGUN,SIDEWALK,False,False,1123,11.0,28.0,27.0,03,1154777.0,1899834.0,2019,06/30/2019 03:56:27 PM,41.880960239000004,-87.70713105200001,"(41.880960239, -87.707131052)"
11698466,JC276969,2019-05-24 16:50:00,076XX S CICERO AVE,1210,DECEPTIVE PRACTICE,THEFT OF LABOR/SERVICES,RESTAURANT,False,False,833,8.0,18.0,65.0,11,1145727.0,1853720.0,2019,06/30/2019 03:56:27 PM,41.754592961,-87.74152853700001,"(41.754592961, -87.741528537)"
